{
  "train_time": {
    "sum": 0.033370399996101696,
    "count": 11
  },
  "suggest_time": {
    "sum": 0.04865500000596512,
    "count": 9
  },
  "train_file_time": {
    "sum": 0.02205820000381209,
    "count": 4
  }
}
