{
  "train_time": {
    "sum": 0.05554209999650084,
    "count": 16
  },
  "suggest_time": {
    "sum": 0.04865500000596512,
    "count": 9
  },
  "train_file_time": {
    "sum": 0.02205820000381209,
    "count": 4
  }
}